claim_id,classification,claim,source_title,source_location,source_owner,source_version_or_date,retrieved_at,population_or_scope,metric_definition,confidence,limitations,status,decision_owner
E-001,Fact,Runify advertises GPS-recorded running with XP progression and leaderboards.,Runify official website,https://www.runifyapp.com/,Runify,Current marketing page,2026-09-26,Ranked running product,Not a measured metric,High for advertised capability,Marketing does not establish performance or unmet demand.,Documented claim,Founder/user; role proposed
E-002,Fact,The Runify App Store listing advertises private run clubs.,Runify: Running Tracker listing,https://apps.apple.com/us/app/runify-running-tracker/id6746146450,OneDegree Labs / Apple,Current US listing,2026-09-26,US iPhone product listing,Not a measured metric,High for listing content,No hands-on app testing; regional listing may differ.,Documented claim,Founder/user; role proposed
E-003,Fact,Expo documents native-build requirements and termination constraints for background location.,Expo Location,https://docs.expo.dev/versions/latest/sdk/location/,Expo,Latest documentation at retrieval,2026-09-26,Expo native iOS/Android background location,Not a measured metric,High for documented constraints,Actual selected SDK and device behavior require verification.,Documented claim,Founder/user; role proposed
E-004,Fact,Supabase supports authenticated row-level database access policies.,Supabase Row Level Security,https://supabase.com/docs/guides/database/postgres/row-level-security,Supabase,Current documentation,2026-09-26,Supabase Postgres with Auth,Not a measured metric,High for capability,Correct policies and entry-point controls are not automatic.,Documented claim,Founder/user; role proposed
E-005,Fact,Apple review guidance specifies controls for apps with user-generated content.,App Review Guidelines section 1.2,https://developer.apple.com/app-store/review/guidelines/,Apple,Current review guidelines,2026-09-26,App Store distribution,Not a measured metric,High for stated guidance,Recheck actual release and storefront; not a guarantee of acceptance.,Documented claim,Founder/user; role proposed
E-006,Fact,Apple describes in-app account deletion and distinguishes it from subscription billing.,Offering account deletion in your app,https://developer.apple.com/support/offering-account-deletion-in-your-app/,Apple,Current support guidance,2026-09-26,Apps with account creation,Not a measured metric,High for stated guidance,Does not define every retention obligation.,Documented claim,Founder/user; role proposed
E-007,Fact,RevenueCat documents an Expo integration using a development build.,RevenueCat with Expo,https://www.revenuecat.com/docs/getting-started/installation/expo,RevenueCat,Current documentation,2026-09-26,Expo native purchases,Not a measured metric,High for documented path,Products and entitlements are unconfigured and untested here.,Documented claim,Founder/user; role proposed
E-008,Fact,Strava API terms restrict competing functionality and display of other users data.,Strava API Agreement 2026,https://www.strava.com/legal/api,Strava,Effective 2026-06-01,2026-09-26,Strava API applications,Not a measured metric,High for explicit restrictions,No approval or applicability determination for PaceLeague obtained.,Documented claim,Founder/user; role proposed
E-009,Fact,Expo SQLite documents a SQLCipher encryption option.,Expo SQLite,https://docs.expo.dev/versions/latest/sdk/sqlite/,Expo,Current documentation,2026-09-26,Native local database,Not a measured metric,High for documented capability,Key handling and locked-screen access remain unverified.,Documented claim,Founder/user; role proposed
E-010,Hypothesis,Permanent ranks and best-three-day private competition may help recreational crews return.,PaceLeague discovery hypothesis,DISCOVERY_PACKET.md,Packet author; founder decision owner,Packet v1.0 2026-09-26,2026-09-26,Proposed adult US recreational running crews,Not a measured metric,Low; untested,No interviews; no pilot; no observed purchases or retention.,Untested,Founder/user; role proposed
